Código,"Nombre (Producto,Servicio,Paquete)",Cantidad,Unidad,último costo
BIO-SLC2,SANOLAC LILA CITRO SUSTITUTO DE LECHE 25 KG,"11,650.00",PZA," $1,487.50 "
7023-2638-000,TUBO CORTO DE VACIO WESTFALIA,"6,076.00",PZA, $17.26 
ACETURV,ACEITE TURBINA,"3,940.00",LT, $53.82 
7769-2725-401,PEZONERA MONOBLOCK GOMA GQR 23/21/51 NEGRA,"2,873.00",PZA, $83.39 
7750-0119-788,PEZONERA SURGE GOMA NEGRA IQ 22/21,"2,850.00",PZA, $77.01 
7021-2725-230,PEZONERA GOMA NEGRA STIMULOR 23 MM,"2,487.00",PZA, $88.44 
4999-1115-106,"CLAVO ESPECIAL 212 2½""","2,316.00",PZA, $8.59 
0026-2670-898,SOGA O SLINGA D4 X BK,"2,190.50",MT, $20.69 
7021-7101-030,TUBO LARGO DE LECHE 10 X 4 X 160,"2,105.00",PZA, $41.49 
BIO-LAP1,LATTECCINO PRO 10 KG,"1,562.00",PZA, $587.00 
0,SERVICIO,"1,505.93",NA,
4999-1143-938,PEZONERA WESTFALIASURGE 21MM WS-WF-030,"1,441.00",PZA, $66.64 
0007-2510-750,JUNTA ANULAR TORICA VACOPULS WS,"1,407.00",PZA, $11.63 
7021-7101-020,TUBO CORTO DE LECHE 10 X 4 X 140,"1,257.00",PZA, $49.65 
7750-0010-062,PEZONERA SURGE MONOBLOCK 10062,"1,007.00",PZA, $89.60 
BIO-SLC1,SANOLAC LILA CITRO SUSTITUTO DE LECHE 10 KG,933.00,PZA, $606.00 
BIO-ME1E,MEGGI 100 E 40 KG,891.00,PZA, $438.00 
BIO-MM25,MIPRO 250 MONENSINA 25 KG,849.00,PZA, $473.75 
7750-0220-527,"MANGUERA DE LECHE TRANSPARENTE 5/8""",831.90,MT, $102.63 
BIO-MEG1,MEGGI 100 INICIADOR PREPARADO 40 KG,781.00,PZA, $588.00 
7041-2696-000,ARANDELA DE TOBERA SIN PINTAR,769.00,PZA, $16.17 
BIO-MV25,MIPRO 250 HM 25 KG,724.00,PZA, $620.00 
BIO-MBPP,MIPRO BULL PASTOREO PLUS 25 KG,712.00,PZA, $500.00 
4999-1090-021,"MANGUERA DE VACIO DOBLE 9/32""",663.00,PZA, $70.97 
BIO-BOVI,BOVIFIT BEBIDA PARA DESPUES DEL PARTO 1 KG,641.00,PZA, $124.50 
C-T-M,CAJA DE TOALLAS MOCAMBO CAFE,564.00,PZA, $293.11 
7161-9905-000,JGO SERVICIO GESTION DE LECHE METATRON W/O KICK OFF PARCIAL,547.00,JGO, $214.08 
BIO-SABU,SANO BUFFER 25 KG,541.00,PZA, $262.50 
BIO-LAM2,SANOLAC LAMB 2 KG,540.00,PZA, $146.00 
BIO-MB1M,MIPRO BULL 150 MONENSINA 25 KG,476.00,PZA, $446.25 
4999-1041-099N,"PAÑO PARA UBRES MICROFIBRA U CLEAN 12 X 12"" INDIVIDUAL",460.00,PZA, $12.70 
7021-2725-190,PEZONERA GOMA NEGRA STIMULOR 20 MM,441.00,PZA, $108.24 
BIO-LECO,LEMMI CORDEROS 20 KG,441.00,PZA, $287.00 
7765-2725-501,PEZONERA MONOBLOCK SILICON IQPRO 23/20/51 PLATA,419.00,PZA, $296.67 
7051-9902-010,JGO PIEZAS DE DESGASTE AUTOPLUS OPTIPULS,406.00,JGO, $296.67 
4999-1143-906,PEZONERA D LAVAL 01 DL-SS-016,405.00,PZA, $67.05 
BIO-MN5MLC,MIPRO NU 500 MONENSINA /LC 25 KG,402.00,PZA, $515.00 
7021-7106-028,MANGUERA DE LECHE SILICON VERDE 16 X 5.75,395.90,MT, $225.76 
BIO-M150,MIPRO 150 25 KG,395.00,PZA, $380.00 
BIO-LAM1,SANOLAC LAMB 10 KG,383.00,PZA, $625.50 
4999-1070-170,COPA DE LAVADO 7330 MELTEC,379.00,PZA, $60.69 
4999-1070-171,COPA DE LAVADO 7340,378.00,PZA, $58.89 
7021-2088-060,MIRILLA PEZONERA D10,364.00,PZA, $72.92 
4999-1115-103,COLCHON DE ESPUMA DE MEMORIA 200 1 X 1.80 MTS,337.00,PZA," $1,596.23 "
7750-0010-060,PEZONERA SURGE MONOBLOCK 10060,328.00,PZA, $79.71 
7750-0010-451,TUBO CORTO DE VACIO,312.00,PZA, $33.74 
"101,012",CLORO 13% 30 KG,307.00,PZA, $308.61 
BIO-MEG4,MEGGI 40 INICIADOR FORMULA 40 KG,303.00,PZA, $784.00 
7051-9905-010,JGO PIEZAS DE DESGASTE STIMOPULS APEX,289.00,JGO, $282.83 
4652-0001-026,TRI-PFAN ALCALINO 25 LTS,249.00,PZA, $887.04 
7021-2854-020,SOPORTE DISTANCIADOR,244.00,PZA, $24.63 
BIO-MC50,MIPRO CLOSE UP 500 25 KG,234.00,PZA, $590.00 
BIO-MIL2,MILSAN SUSTITUTO DE LECHE 25 KG,233.00,PZA," $1,322.50 "
BIO-MB1EF,MIPRO BULL 150 E FORTE 30 KG,231.00,PZA, $303.00 
7750-0120-754,"MANGUERA DE VACIO DOBLE PVC VERDE 9/32""",210.60,MT, $94.01 
4652-0001-028,LAC ACIDO 25 LTS,205.00,PZA," $1,037.88 "
065JD,PEZONERA ADAPTABLE D LAVAL (96000-01),204.00,PZA, $67.79 
7041-2318-040,"ZOCALO PARA PULSADOR ½"" NPT",201.00,PZA, $26.65 
7021-7801-008,MANGUERA DE VACIO DE GOMA 7 X 3,199.00,MT, $63.55 
BIO-ME25,MIPRO 250 ECO 25 KG,181.00,PZA, $326.25 
0005-0493-890,FLOTADOR PARA VARILLA DE ELECTRONIVEL,165.00,PZA, $216.48 
4999-1115-104,TIRA PLASTICA BEV 212 2½ 2.4MTS,165.00,PZA, $263.67 
5182-0011-000,"TUBERIA 1/4"" OD AZUL",160.00,PZA, $5.27 
BIO-MM5LC,MIPRO M 500 MONENSINA / LC 25 KG,160.00,PZA, $540.00 
4999-1055-125,"FILTRO TUFFY 4 7/8"" X 36""",156.00,CJA, $465.95 
BIO-OVEP,OVISAN ENGORDA PRO SACO 20 KG,148.00,PZA, $228.00 
4999-1090-018,"MANGUERA DE VACIO SIMPLE 7/16""",147.20,MT, $74.01 
4999-1115-107,TIRA PLASTICA MATSTRIP 8' ¼ X 1 ¼,146.00,PZA, $121.45 
EA40,"EMPAQUE CLAMP NEOPRENO 1½"" 38 MM",145.00,PZA, $3.76 
7025-3709-000,TOBERA DE VENTILACION SILICON,137.00,PZA, $36.53 
7161-9905-020,JGO SERVICIO GESTION DE LECHE VALVULA CONTROL APEX CPL,136.00,JGO, $244.15 
BIO-MB1E,MIPRO BULL 150 E 30 KG,130.00,PZA, $303.00 
0004-5496-760,MEMBRANA PARA PULSADOR VACOPULS,126.00,PZA, $142.94 
7751-0040-520,LUXTEK SELLADOR DE BARRERA 20 LTS,124.00,PZA, $758.70 
0007-2253-770,JUNTA ANULAR PARA ZOCALO,123.00,PZA, $48.29 
0007-3196-700,JUNTA ANULAR INTERIOR PARA COLECTOR CLASSIC 300,111.00,PZA, $72.68 
7750-0010-048,PEZONERA SURGE MONOBLOCK 10048,111.00,PZA, $90.18 
CON-TPD200,TAHARSEPT POLVO DESINFECTANTE 600 PPM 200 GR,111.00,PZA, $41.44 
7051-9905-030,JGO SERVICIO PARCIAL PULSADOR VACOPULS MEMBRANAS Y FILTRO,109.00,JGO, $325.14 
7161-9905-040,JGO SERVICIO GESTION DE LECHE VALVULA CONTROL,109.00,JGO, $70.16 
7751-0041-184,OXYCIDE PRESELLO DESINFECTANTE 20 LTS,109.00,PZA, $455.04 
7161-9905-010,JGO SERVICIO GESTION DE LECHE METATRON W/O KICK OFF CPL,106.00,JGO, $990.65 
7315-4107-000,FILTRO PARA PULSADOR PAQ.12,105.00,PZA, $69.87 
7769-2725-501,PEZONERA MONOBLOCK SILICON GQPRO 23/20/51 PLATA,104.00,PZA, $252.74 
7021-2628-110,DISTRIBUIDOR DE AIRE,101.00,PZA, $50.71 
0005-4575-610,VIROLA DE CABLE .75-8 DOBLE,100.00,PZA, $4.18 
7160-5846-110,"COLLAR DE PATA JGO CON 10 PZAS 460 X 30 X 1,25",100.00,JGO, $396.71 
7750-0220-505,"MANGUERA DE LECHE TRANSPARENTE 9/16""ID.563(30 MTS)",96.60,MT, $93.03 
7021-2721-101,CASQUILLO PORTA PEZONERA CLASSIC PLASTICO 42 X 140,96.00,PZA, $59.00 
CON-TPD010,TAHARSEPT  POLVO DESINFECTANTE 600 PPM 10 GR,94.00,PZA, $7.50 
BIO-OVIS,OVISAN PIE DE CRIA 20 KG,93.00,PZA, $292.00 
7029-2725-000,PEZONERA SILICON VERDE MULTIPIEZA CLASSIC D21,91.00,PZA, $412.25 
BIO-BMPU,BONNI M PUDDINO 10 KG,90.00,PZA, $549.00 
0004-2219-870,MEMBRANA CHICA PARA INTERRUPTOR,88.00,PZA, $39.05 
4999-1100-015,TAPON DE PEZONERA PLASTICO ROJO,86.00,PZA, $48.49 
7047-1743-030,MECHAS PARA ACEITERA,86.00,PZA, $16.74 
4999-1160-529,BOTE REPUESTO APLICADOR,84.00,PZA, $48.68 
7751-0040-505,LUXTEK SELLADOR DE BARRERA MEXICO 55 GAL,82.00,PZA," $7,884.82 "
BIO-KRIH,KRISTALL HEFE ESTIMULANTE DE RUMEN CON LEVADURAS 25 KG,82.00,PZA, $987.50 
MPG-USP,GLICOL-MONOPROPILENGLICOL,80.00,LT, $79.67 
4999-1115-011,TAPETE O ALFOMBRA GOMA EN CLAVAMIENTO 4 X 6 I4 F20,79.00,PZA," $1,123.61 "
BIO-MEN2,MIPRO ENERGIZER 25 KG,79.00,PZA," $1,123.75 "
7015-3330-000,SOPORTE FIJACION PARA LECC,78.00,PZA, $25.86 
7053-2213-000,GUARNICION O EMBOLO PARA RETIRADOR,78.00,PZA, $8.83 
0007-2677-820,JUNTA ANULAR PARA MANGUERAS 32X26X7.5,77.00,PZA, $15.18 
7021-2725-190L,PEZONERA GOMA NEGRA STIMULOR 20 MM,72.00,PZA, $91.02 
4652-0001-027,TRI-PFAN ALCALINO 200 LTS,71.00,PZA," $7,410.00 "
5181-0332-000N,RESORTE DE TRACCION D-3.20 DM- 22.20 LO-128.6,70.00,PZA, $92.00 
7038-5302-050,BOLA DE VALVULA BOMBA DE LECHE 21 X 6 X 40,70.00,PZA, $25.55 
BIO-MCM3,MIPRO CLOSE UP MR 350 25 KG,69.00,PZA," $1,047.50 "
CB400-L,GUANTE NITRILO AZUL GRANDE,69.00,PZA, $300.00 
7025-5302-000,"BOLA D11,906 (15/32IN) SST",68.00,PZA, $61.05 
7025-9905-000,JGO SERVICIO JGO DE ORDEÑO IQ 4500H WITHOW SHUT OF,68.00,JGO, $409.39 
7038-9905-040,JGO SERVICIO TRANSPORTE DE LECHE BOMBA DE LECHE 1.5 KW,67.00,JGO, $542.81 
C300-11,BOLA DE CIERRE COLECTOR CLASSIC 300 SUST,66.00,PZA, $60.51 
GAS404109,GAS REFRIGERANTE R-404,64.79,KG, $217.57 
DTLV,DISTRIBUIDOR DE LAVADO,63.00,PZA, $35.38 
BIO-MBMC,MIPRO BULL 150 MONENSINA / C 25 KG,61.00,PZA, $525.00 
7015-6217-020,SOPORTE JGO DE ORDEÑO LECC,60.00,PZA, $108.78 
7750-0010-080,PEZONERA SURGE MONOBLOCK 10080,60.00,PZA, $83.13 
7009-2786-020,BOLA DE CIERRE COLECTOR CLASSIC 300,58.00,PZA, $456.22 
7051-2306-010,FILTRO AIRE 75 X 22 X 16 D7 CPL,58.00,PZA, $100.09 
7049-2799-000,FILTRO DE AIRE VACUREX,57.00,PZA, $17.40 
7751-0240-990A,LOBEBLAST 1 GAL,57.00,PZA, $277.53 
230JD,"PEZONERA FLACO 230 JD, ADAPTABLE BOSSIO",56.00,PZA, $67.79 
C300-04,PARTE INFERIOR DE LA CARCASA CLASSIC 300 CPL SUST,55.00,PZA, $400.35 
0018-6286-890,MANGUERA PARA LECC 6 X 2 X 90,54.00,MT, $13.00 
7751-0040-302,LUXSAN V SELLADOR DE BARRERA 5 GAL,52.00,PZA, $951.30 
4999-1115-003,TAPETE O ALFOMBRA GOMA EN CLAVAMIENTO 4 X 6 I2 F12,51.00,PZA," $1,123.61 "
4999-1090-160,"MANGUERA DE VACIO SIMPLE GOMA 9/16""",49.40,MT, $165.86 
0018-8000-480,EMPALME PARA MANGAS EN T OD8XOD4XOD8,48.00,PZA, $26.03 
"1,554",APLICADOR DE PRESELLO ESPUMA AZUL,48.00,PZA, $200.70 
7021-2764-010,JUNTA ANULAR EXTERIOR PARA COLECTOR CLASSIC 300,48.00,PZA, $122.47 
7025-2725-010,PEZONERA SILICON IQ PRO D20 MONOPIEZA 24/21/58,48.00,PZA, $568.93 
7751-0040-503,LUXTEK SELLADOR DE BARRERA 50 LTS,48.00,PZA," $1,896.64 "
1016-4,TUBO PARA ACRILICO INOX,47.00,PZA, $75.00 
THERA-208,THERATRATE SELLADOR 208 LTS,46.00,PZA," $4,925.41 "
7751-0041-183,OXYCIDE PRESELLO DESINFECTANTE 50 LTS,44.00,PZA," $1,137.50 "
BIO-KRI1,KRISTALL HEFE ESTIMULANTE DE RUMEN CON LEVADURAS 10 KG,42.00,PZA, $405.00 
7015-1797-000,PULVERIZADOR 23 MM,41.00,PZA, $107.64 
7751-0041-20L,LUXSAN X SELLADOR DE BARRERA 20 LTS,41.00,PZA," $2,417.00 "
THERA-20,THERATRATE SELLADOR 20 LTS,41.00,PZA, $676.51 
0007-2413-750,JUNTA NULAR 16 X 2,40.00,PZA, $30.09 
0007-2507-820,JUNTA ANULAR 16 X 3.5,40.00,PZA, $25.01 
5182-0013-000,"TUBERIA OD 5/32"" X ID 3/32 PLA RD",40.00,PZA, $8.37 
5182-0014-000,"TUBERIA OD 5/32"" X ID 3/32 PLA GN",40.00,PZA, $8.52 
5182-0015-000,"TUBERIA 5/32"" OD CLARO",40.00,PZA, $8.52 
5182-0016-000,"TUBERIA ½"" OD NEGRO",40.00,PZA, $28.05 
7015-1154-010,ANILLO DE APOYO D 70/51 X 12,40.00,PZA, $29.94 
EA40-2,"EMPAQUE CLAMP NEOPRENO 2""",40.00,PZA, $3.78 
4999-1090-089,"MANGUERA DE LECHE SILICON 5/8""",39.30,MT, $288.41 
4652-0001-029,LAC ACIDO 200 LTS,39.00,PZA," $8,430.30 "
7161-1731-080,CUERPO DE VALVULA CON PERNO PARA RECIPIENTE DE MEDICION META,39.00,PZA, $244.55 
EA13L-2,"ABRAZADERA CLAMP REFORZADA INOX 2""",39.00,PZA, $81.75 
1017P,JUNTA PARA ACRILICO,38.00,PZA, $133.23 
BIO-MBMZ,MIPRO BULL 150 MONENSINA /Z SACO 25 KG,38.00,PZA, $827.50 
1416JD,MEMBRANA DE INVERSION,37.00,PZA, $43.36 
4999-1160-061,EMBALAJE PARA PISTOLA DE ESPUMA,37.00,PZA, $22.05 
7750-0220-528W,"MANGUERA DE LECHE TRANSPARENTE 5/8"" (ROLLO)",36.90,MT, $90.26 
4999-1090-016,"MANGUERA DE VACIO SIMPLE 9/32""",36.00,MT, $24.39 
7053-2213-020,JUNTA LABIO O MANGUITO D52.5/D9.5 X 10,36.00,PZA, $114.46 
7750-0222-472,"JUNTA O EMPAQUE GASKET SURGE 1½"" (10)",36.00,PZA, $38.89 
7751-0240-2815L,LIQUIPFAN DETERGENTE MANUAL 5LTS,36.00,PZA, $425.94 
BIO-MENE,MIPRO ENERGIZER 4 KG,36.00,PZA, $204.00 
BIO-MN3LC,MIPRO NU 350 LC SACO DE 25 KG,36.00,PZA, $656.25 
7025-1821-010,RESORTE DE MANDO IQ,34.00,PZA, $84.19 
7038-2648-000,CHAPALETA BOMBA LECHE,34.00,PZA, $109.60 
4999-1055-132,"FILTRO TUFFY 2¼"" X 24""",33.00,CJA, $416.86 
7049-2799-000L,FILTRO DE AIRE VACUREX,33.00,PZA, $15.12 
4999-1082-110,ACEITE PARA BOMBA LOBULAR 946 ML / 32oz,32.00,PZA, $533.99 
7015-4625-000,RACOR DE CONEXION O EMPALME DE TUBOS 90° 40 MM,32.00,PZA, $146.60 
7161-2479-060,JUNTA PARA RECIPIENTE DE MEDICION METATRON,32.00,PZA, $345.68 
4652-0001-030,PEROXYSAN 25 KG,31.00,PZA," $1,347.00 "
UNI-4X4,"UNICANAL GALVANIZADO 4"" X 4""",30.50,MT, $133.09 
GAS22136,GAS REFRIGERANTE R-22 13.6 KG FORANE GAS,30.20,KG, $188.04 
7021-2721-090,CASQUILLO PORTA PEZONERA DE 147MM,30.00,PZA, $785.55 
7050-9902-000,JGO REPUESTO DE ACEITERA,30.00,JGO, $318.42 
BIO-PRPR,PREKERN FORTE PRO 25 KG,30.00,PZA," $1,060.00 "
101075,REDSTAR YODO VITA 1.75% 10KG,29.00,PZA, $885.50 
28043,"ABRAZADERA PARA TOMA DOMICILIARIA 3"" X ½"" ",29.00,PZA, $73.32 
4999-1010-201,KIT DOBLE DE PULSADOR SURGE,29.00,JGO, $173.19 
7750-0227-312,"VALVULA FLAPPER DE LECHE 1½"" (10)",29.00,PZA, $58.51 
TA051,AISLADOR PARA VARILLA,29.00,PZA, $6.02 
7021-7104-008,"MANGUERA DE LECHE DE GOMA 5/8"" 16 X 6",28.10,MT, $261.06 
6306,BALERO 6306 BOMBA DE VACIO RPS 400 - 2100 GEA,28.00,PZA, $180.74 
7751-0041-185,OXYCIDE PRESELLO DESINFECTANTE 55 GAL,28.00,PZA," $7,184.90 "
9508JD,DISTRIBUIDOR DE LAVADO,28.00,PZA, $51.23 
7045-1060-010,CODO 90 DE EMPALME ID 7 OD 9,27.00,JGO, $80.10 
0026-0810-300,ARANDELA DE SEGURIDAD 5,26.00,PZA, $26.61 
7015-1662-000,"PLATO LECC PEZONERA 23-25, CPL",26.00,PZA, $122.47 
7021-2621-080,PARTE INFERIOR DE LA CARCASA SIN PERFORAR CPL,26.00,PZA, $401.07 
C-2,"TUBO INOX 2""",26.00,PZA, $386.10 
EA14R-2,"FERRULA INOX EXPANDER 2""",26.00,PZA, $92.07 
0006-4299-300,RESORTE CILINDRICO DE COMPRESION PARA MANGUERA 32 X ST,25.00,PZA, $79.38 
3X16,CABLE USO RUDO 3 X 16,25.00,MT, $25.31 
7021-6155-010,SOPORTE ARANDELA PARA COLECTOR CLASSIC 300,25.00,PZA, $46.32 
7750-0103-442,CASQUILLO PORTA PEZONERA SURGE JGO 4X7023-2721-060,25.00,JGO," $1,438.26 "
7750-0221-349W,VALVULA DE DRENAJE O VALVULA PATO (10),25.00,PZA, $18.66 
7751-0041-303,LUXSAN X SELLADOR DE BARRERA 50 LTS,25.00,PZA," $6,042.71 "
C300-00,COLECTOR CLASSIC 300CC,25.00,PZA, $930.10 
"73,009","TUBO PVC HIDRAULICO 3"" RD-26",24.00,MT, $98.36 
1016P5,ACRILICO 3 ORIFICIOS PAREJOS,24.00,PZA, $141.60 
3X18,CABLE USO RUDO 3 X 18,24.00,MT, $25.31 
4999-1160-528N,APLICADOR DE SELLO NARANJA,24.00,PZA, $171.10 
THERA-55,THERATRATE SELLADOR 55 LTS,24.00,PZA," $1,759.13 "
DLVE,PULVERIZADOR O DUCHA DE LAVADO 23 MM,23.00,PZA, $34.45 
"294,300","TUBO PVC CEM 3"" CED 40 IPS",22.00,MT, $98.36 
ALIMEN 1½,"MANGUERA ALIMENTICIA DE DESCARGA 1½""",22.00,MT, $199.85 
BIO-M400,MIPRO PREN 400 25 KG,22.00,PZA, $457.50 
7021-7102-018,MANGUERA DE VACIO SIMPLE DE GOMA 8.5 X 3.75,21.88,MT, $117.59 
0018-1484-700,SOPORTE ANGULAR 90° 50/30 ID 13,21.00,PZA, $762.10 
0018-1681-700,SOPORTE ANGULAR DE GOMA 90° B32-28,21.00,PZA, $248.80 
7009-4810-230,GRIFO DE LECHE CON PLETINA DESLIZANTE 52 MM,21.00,PZA, $180.26 
7047-1702-000,MEMBRANA PLANA VACUREX,21.00,PZA, $222.19 
0018-6286-890D,MANGUERA PARA LECC 6 X 2 X 90,20.00,PZA, $17.02 
"108,321","VENTILADOR BREEZE ARTEX 72"" 230/460V 3PH 3 HP SERIES A-90501",20.00,PZA," $23,574.96 "
"28,477",RETEN 28-47-07 AMB PARA BOMBA RPS 400 O MOBIMELK,20.00,PZA, $37.80 
4999-1160-527N,APLICADOR DE SELLO VERDE,20.00,PZA, $171.10 
7021-2088-100,MIRILLA PARA PEZONERA STIMULOR,20.00,PZA, $43.11 
7021-2621-090,PARTE INFERIOR DE LA CARCASA CLASSIC 300 CPL,20.00,PZA," $1,040.53 "
7161-4625-120,RACOR DE CONEXION VISOFLOW PARA METATRON 70 MM CPL,20.00,PZA, $185.01 
7750-0234-162,EMPAQUE PARA ECLIPSE (10),20.00,PZA, $32.14 
ABR 2,"ABRAZADERA UNICANAL 2""",20.00,PZA, $15.07 
1415JD,MEMBRANA PRINCIPAL,19.00,PZA, $55.55 
6015JD,EJE INOX MEDIANO,19.00,PZA, $128.01 
7025-2758-020,"PIEZA DE FIJACION SBS, CPL",19.00,PZA, $571.75 
7047-1703-000,MEMBRANA 1200 CPL VACUREX,19.00,PZA, $446.65 
7160-5530-360,ANTENA VP6011 134KHZ PPID 10M RG58 CABLE,19.00,PZA," $5,167.99 "
7750-0123-958,SOPORTE PARA MANGAS POSI-BALL CPL,19.00,PZA," $1,029.46 "
7751-0040-20L,LUXSAN V SELLADOR DE BARRERA 20 LTS,19.00,PZA," $1,295.30 "
1016P6,ACRILICO 3 ORIFICIOS PARA ZOCALO,18.00,PZA, $141.60 
7009-4625-110,RACOR DE CONEXION O EMPALME DE TUBOS 40-16 MM,18.00,PZA, $126.84 
7038-9905-060,JGO SERVICIO TRANSPORTE DE LECHE INTERRUPTOR FLOTADOR,18.00,PZA, $107.04 
7750-0210-257,EMPAQUE PULSADOR ELECTRONICO (60),18.00,PZA, $2.64 
7750-9905-220,KIT DE RECAMBIO MENOR COMMANDER 5K (BASICO),18.00,JGO," $1,561.56 "
4999-1070-523,O RING PARA FILTRO LECHE MELTEC,17.00,PZA, $103.70 
4999-1081-139,JUNTA ANULAR TORICA L80 MELTEC,17.00,PZA, $13.14 
4999-1090-162,"MANGUERA DE LECHE DE GOMA 5/8""",17.00,MT, $110.00 
7038-9905-160,JGO RECAMBIO DEPOSITO DE LECHE 50L/50MM,17.00,JGO, $565.27 
7750-0210-267,EMPAQUE PULSADOR ARMADURA TAPA INFERIOR (60),17.00,PZA, $3.13 
KS-SB-320,ACEITE KAFSER PARA BOMBA LOBULAR,17.00,LT, $765.80 
0005-4341-000,BLOQUE DE BRONCE ENCHUFABLE MC 1 5/3-ST-3.81,16.00,PZA, $41.99 
0018-3050-820,TUBULADURA EN Y PARA CONEXION MANGA,16.00,PZA, $45.24 
0018-6596-600,"CONEXION ENCHUFABLE ROSCADA ID6 X G1/8"" AIRE",16.00,PZA,$129.38
"101,076",REDSTAR YODO VITA 1.75% 25KG,16.00,PZA,"$2,201.10"
"108,003",REDSTAR DETERGENTE ALCALINO CLORADO 30 KG,16.00,PZA,$511.70
"74,035","CODO PVC HIDRAULICO 90° 3""",16.00,PZA,$108.41
1016P4,ACRILICO 2 ORIFICIOS,16.00,PZA,$141.60
4999-1060-205,"TUBULADURA DE ENTRADA DE LECHE 9/16"" PARA 1½"" & 2""",16.00,PZA,$226.07
5112-0188-000,"CLAVIJA ROLL PIN 5/16"" X 2 ¼""",16.00,PZA,$114.51
5181-0332-000,RESORTE DE TRACCION D-3.20 DM- 22.20 LO-128.6,16.00,PZA,$169.20
5184-1871-000,DIVISOR DE PUESTOS CPL G90I,16.00,PZA,"$2,930.65"
7009-2479-050,JUNTA PARA FINILACTOR,16.00,PZA,$30.68
7025-2620-060,"ELEMENTO DE GUIA, CPL IQ ",16.00,PZA,"$2,324.19"
7025-2626-050,RACOR DE SALIDA IQ 16 BACKFLUSH,16.00,PZA,$474.91
7051-2626-010,NIPLE AUTOPULS STIMOPULS,16.00,PZA,$108.30
7051-2950-190,PULSADOR VOLLST STIMOPULS M APEX,16.00,PZA,"$2,853.90"
7161-2803-050,TUBO ACODADO OD50.XID46X150X130X12 DEG,16.00,PZA,$389.70
7750-0037-452,BRAZO POSICIONADOR 4NIPPLE,16.00,PZA,"$2,402.44"
7750-0101-269,"DISPOSITIVO LECC, DESPLAZABLE 51MM PVC MANIFOLD",16.00,PZA,"$3,934.56"
7750-0119-270,NICIO REMOTO CPL 60ft LEAD,16.00,PZA,"$1,925.53"
7750-0119-288,SOPORTE SOLDADURA DE BOTON,16.00,PZA,$183.92
7750-0120-355,JGO DE PIEZAS DE MONTAJE MONTURA MIMI VL,16.00,JGO,"$2,882.00"
7750-0123-294,"EMPALME D4"" TRI CLAMP",16.00,PZA,"$1,388.63"
7750-0210-219W,TAPON SUPERIOR PARA PULSADOR (60),16.00,PZA,$3.15
7750-0223-319,"JUNTA O EMPAQUE GASKET SURGE 2"" (10)",16.00,PZA,$46.35
"84,111,506",ANTICIPO APLICABLE A FACTURA,16.00,,$0.00
0003-0425-808,PASAMANOS PERFIL PARA BORDE DE FOSA 8 x 50,15.00,MT,$254.94
7021-1075-000,TUERCA DE OREJETA CRUZADA,15.00,PZA,$147.33
7021-2721-100,CASQUILLO PORTA PEZONERA DE 187 MM,15.00,PZA,$408.33
7047-9926-580,JGO PALETAS BOMBA VACIO RPS 400,15.00,JGO,$977.79
7051-2950-170,PULSADOR AUTOPULS APEX MZ,15.00,PZA,"$3,574.63"
7750-0219-774,TAPA O PARTE SUPERIOR PARA COLECTOR MINI ORBIT,15.00,PZA,$798.06
BIO-OENG,OVISAN ENGORDA 20 KG,15.00,PZA,$196.00
4999-1115-201A,TAPETE O ALFOMBRA GOMA EN CLAVAMIENTO 4 X 6 I2 F8,14.00,PZA,"$1,626.65"
7021-9905-000,JGO SERVICIO JGO DE ORDEÑO CLASSIC 300,14.00,JGO,$129.12
7750-0116-311,PANEL DE CONTROL DT70 W/PIPE BRKT 22m,14.00,PZA,"$6,498.61"
7750-0220-470,JUNTA BOMBA LECHE SURGE (10),14.00,PZA,$59.40
7751-0041-186,OXYCIDE PRESELLO DESINFECTANTE 5 LTS,14.00,PZA,$0.00
ABR 1½,"ABRAZADERA UNICANAL 1½""",14.00,PZA,$12.53
CON-KVP045,"KLOR VET PLUS PRESELLO 2,000 PPM 45 GR",14.00,PZA,$42.74
2,PRODUCTO SIN REFERENCIA,13.00,PZA,$0.00
0019-2421-300,TORNILLO AVELLANADO M 4 X 8-H PARA PLACA,13.00,PZA,$9.58
4999-1150-001,CEPILLO PEZONERA AMERICANO,13.00,PZA,$80.00
7038-2006-040,TAPA BOMBA DE LECHE 0.55KW PVC,13.00,PZA,$266.78
7161-6210-210,"VASO MEDIDOR DE LECHE METATRON PSU, CPL",13.00,PZA,"$7,177.64"
7161-6210-220,"VASO MEDIDOR DE LECHE METATRON PSU, REPUESTO",13.00,PZA,"$4,507.73"
BIO-SPRI,SANOLAC SPRINT 25 KG,13.00,PZA,"$1,430.00"
7021-7103-030,MANGUERA DE LECHE DE GOMA 12X5.5X1200 RUB,12.80,MT,$173.65
1021LM,CEPILLO LARGO CERDA MEDIANA,12.00,PZA,$180.00
7021-2754-090,AMORTIGUADOR DE COLECTOR,12.00,PZA,$106.24
7025-9905-010,JGO SERVICIO JGO DE ORDEÑO IQ 4500 H WITH SHUT OFF,12.00,JGO,$582.34
7041-2718-030,CAPERUZA DE PROTECCION PULSADOR,12.00,PZA,$43.30
7319-0002-000,PAQ FILTROS WESTFALIA CARTUCHO 455 MM 370 PZAS 7038-2794-260,12.00,PZA,"$1,013.51"
0005-0493-890L,FLOTADOR PARA VARILLA DE ELECTRONIVEL,11.00,PZA,$261.52
406-030,"CODO PVC CEM 90° 3"" CED 40",11.00,PZA,$69.91
7038-9905-090,JGO SERVICIO TRANSPORTE DE LECHE,11.00,JGO,$164.37
7750-0020-440,"VALVULA FLAPPER 2""",11.00,PZA,$132.46
7750-0112-629,GRASA LUBRICANTE PARA BOMBA LOBULAR,11.00,PZA,$173.85
ALIMEN 1¼,"MANGUERA ALIMENTICIA DE DESCARGA 1¼""",11.00,MT,$171.34
"101,013",CLORO 13% 240 KG,10.00,PZA,"$2,418.62"
"6,307",BALERO 6307 BOMBA DE VACIO RPS 2000-2800 GEA,10.00,PZA,$269.33
7009-2316-050,"SOPORTE PARA PULSADOR, CPL",10.00,PZA,$352.94
7015-1662-010,"PLATO LECC PEZONERA 19-22, CPL",10.00,PZA,$163.73
7015-2893-030,CABEZAL DE LAVADO CCR I=45 MM,10.00,PZA,$31.20
7015-6195-980,"DISPOSITIVO LECC AR PEFORMER EU, CPL",10.00,JGO,"$1,428.31"
7038-2310-070,HELICE DE BOMBA DE LECHE 0.55 KW 60HZ CPL,10.00,PZA,"$1,461.67"
7038-9905-150,JGO RECAMBIO DEPOSITO DE LECHE 22L/50MM 1500H,10.00,JGO,$393.28
7038-9905-170,JGO RECAMBIO DEPOSITO DE LECHE 50L / 70MM 1500H,10.00,JGO,$585.70
7041-2320-070,ZOCALO CON JUNTA ANULAR,10.00,PZA,$171.92
7051-1703-000W,MEMBRANA STIMOPULS APEX M CPL,10.00,PZA,$10.49
7161-1702-050,MEMBRANA PARA RECIPIENTE DE MEDICION METATRON,10.00,PZA,$109.73
7750-0112-428,JGO MIRILLAS ECLIPSE,10.00,JGO,$246.75
7750-0112-429,JGO MIRILLAS ECLIPSE NON-VENT W SPRING & GASK,10.00,JGO,$711.67
EA13L,"ABRAZADERA CLAMP REFORZADA INOX 1 ½"" 38MM",10.00,PZA,$88.97
TP-00,TAPON PARA PEZONERA ,10.00,PZA,$17.24
0003-3903-800,TAPON PARA PULSADOR,9.00,PZA,$10.16
0018-1678-700,SOPORTE ANGULAR DE GOMA 90° B50-40,9.00,PZA,$296.89
0018-3197-828,MANGUERA PARA DESCARGA DE LECHE 1½,9.00,MT,$256.32
0019-6471-300,TORNILLO HEXAGONAL 6 X 115,9.00,PZA,$46.12
"74,107","REDUCCION BUSCHING PVC 3"" X 2"" HIDRAULICO",9.00,PZA,$52.79
4999-9905-030,JGO SERVICIO TRANSPORTE DE LECHE (C) VAR SP51 TEFLON,9.00,JGO,"$2,069.15"
7021-7103-018,MANGUERA DE LECHE DE GOMA 14 X 5.75,9.00,MT,$204.43
7038-2666-010,PIEZA DE LAVADO TRAMPA SANITARIA,9.00,PZA,$23.45
7751-0040-653,POWER SHOCK CUBETA,9.00,PZA,"$2,391.90"
7751-0042-213,INTERSEPT ACT/BAS SELLADOR 15/15 GAL,9.00,JGO,"$13,541.47"
0003-0266-800,BOTELLA PARA ACEITE WF 1 LTS,8.00,PZA,$108.94
4021-0241-086,PEZONERA 086 DIAMETRO PEQUEÑO CASQUILLO US STANDAR,8.00,PZA,$50.98
4999-1000-020,"JUNTA CLAMP GOMA 4""",8.00,PZA,$45.19
5184-3945-000,RESORTE SOPORTE G90I GV,8.00,PZA,$359.32
7009-2357-010,T DE GOMA 40-50,8.00,PZA,$383.81
7009-4625-030,RACOR DE CONEXION O EMPALME DE TUBOS 40-14 MM,8.00,PZA,$117.79
7019-6618-010,DISTRIBUIDOR DE LAVADO WF PARA JETTER,8.00,PZA,$214.81
7038-5985-030,MANDO ELECTRONICO MIFOE/4/EL/230V CPL,8.00,PZA,"$4,102.57"
7038-9905-050,JGO SERVICIO TRANSPORTE DE LECHE VALVULA DE RETENCION D40,8.00,JGO,$237.83
7750-0115-408,RETIRADOR AUTOM DE PEZONERAS DT70 SA VAC,8.00,PZA,"$50,523.19"
7750-0219-970,O RING W/TAB (20),8.00,PZA,$64.68
7750-0220-469,JUNTA SELLO BOMBA DE LECHE,8.00,PZA,$82.04
0005-4127-900,CONDUCTO PARA CABLE 60 X 90 X 2600 VERDE CANALETA,7.50,MT,$388.91
0013-0039-300,TUERCA HEXAGONAL M 4,7.00,PZA,$43.31
0018-2098-820,EMPALME PARA MANGUERA PARA TRAMPA EN T 8-12,7.00,PZA,$44.13
0019-6077-300W,TORNILLO CILINDRICO TAPA LATERAL,7.00,PZA,$4.33
0026-2245-890,CAPERUZA O TAPON PARA PULSADOR VACOPULS,7.00,PZA,$23.65
"86,014","CODO COBRE 90° 1¼""",7.00,PZA,$91.81
"13,994",RETEN BOMBA DE VACIO RPS 2800 35 X 56 X 10,7.00,PZA,$57.50
4999-1115-000,TAPETE O ALFOMBRA GOMA EN CLAVAMIENTO 2 X 6 I2 F4,7.00,PZA,$639.76
4999-1115-102,GOMA O REVESTIMIENTO DE CAUCHO PARA COLCHON 3MM,7.00,PZA,"$63,806.30"
7025-1073-000,ANGULO SOPORTE IQ,7.00,PZA,$525.58
7025-5559-000,ESTRIBO IQ SHUTOFT,7.00,PZA,$124.68
7038-2335-030,INTERRUPTOR FLOTADOR 110 VARILLA ELECTRA NIVEL CPL,7.00,PZA,"$3,330.34"
7161-2792-100,CUBIERTA DE PLASTICO PARA TECLADO METATRON,7.00,PZA,$488.85
BIO-SUER,SUSAN ENGORDA RACTO 4% 20 KG,7.00,PZA,$671.10
C90-2,"CODO INOX 90° 2""",7.00,PZA,$194.44
J-3710,TAPON DE TANQUE DE VACIO MOBIMELK,7.00,PZA,$278.52
V.MAR 2,"VALVULA MARIPOSA INOX 2""",7.00,PZA,"$1,024.18"
0007-2210-700,JUNTA ANULAR PARA RACOR INOX 40 MM,6.00,PZA,$37.53
0018-1884-800,BOQUILLA PARA MANGUERA 40/25 FILTRO 455 MM,6.00,PZA,$112.65
"19,005","TUBO COBRE 1¼""",6.00,MT,$321.54
"74,062","COPLE PVC HIDRAULICO 3""",6.00,PZA,$61.66
1021L,CEPILLO LARGO CERDA CORTA,6.00,PZA,$100.00
"284,710",RETEN 28-47-10,6.00,PZA,$54.00
401-030,"T PVC 3"" CED 40 CEM",6.00,PZA,$102.94
4999-1160-025,BOMBA DOSIFICADORA CON DOBLE ROSCA,6.00,PZA,"$1,223.74"
7021-2620-300,COLECTOR CLASSIC 300 CPL,6.00,PZA,"$2,723.27"
7027-2940-040,TUBO DE CONEXION ACOPLAMIENTO RAPIDO,6.00,PZA,$201.03
7041-2187-010,SOPORTE PARA FILTRO,6.00,PZA,$47.99
7041-2718-160W,TAPA LATERAL PARA PULSADOR VACOPULS CONSTANT,6.00,PZA,$28.97
7047-1935-010,VALVULA DE DESAGÜE CPL,6.00,PZA,$361.14
7048-9926-060,JGO PALETAS BOMBA VACIO RPS 600-800 4 X 149.7 X 32.8 X 4.95,6.00,JGO,$819.64
7049-2631-000,JUNTA PERA DE VACIO,6.00,PZA,$59.61
7050-9902-000L,JGO REPUESTO DE ACEITERA,6.00,JGO,$264.22
7071-5112-120,"BRAZO POSICIONADOR , CPL POSIMAX",6.00,PZA,"$7,854.12"
7161-2313-000,TAPA DE GOMA PROTECTORA,6.00,PZA,$46.01
7751-0040-510,LUXTEK SELLADOR DE BARRERA 10 LTS,6.00,PZA,$391.86
7751-0041-305,LUXSAN X SELLADOR DE BARRERA 55 GAL,6.00,PZA,"$25,076.85"
ABR 3,"ABRAZADERA UNICANAL 3""",6.00,PZA,$29.92
BIO-MOV5,MIPRO OVI 50 20KG,6.00,PZA,$370.00
C-16,"TUBO INOX 1½"" 38MM NACIONAL",6.00,MT,$198.75
0007-2754-700,JUNTA ANULAR PARA BOMBA DE LECHE,5.00,PZA,$47.09
0026-1362-300,ARANDELA DE DISCO 4.3 ,5.00,PZA,$17.94
"74,086","T PVC 3"" HDRAULICO",5.00,PZA,$158.78
7009-2360-020,CODO GOMA 45°/DN 40MM,5.00,PZA,$260.28
7009-4625-060,RACOR DE CONEXION O EMPALME DE TUBOS 52-19 MM,5.00,PZA,$69.24
7021-2405-020,PIEZA INTERMEDIA METALICA,5.00,PZA,$91.83
7038-2631-040,JUNTA ANULAR PARA RECIBO 70 MM,5.00,PZA,$105.44
7041-2700-550,"PULSADOR VACOPULS CONSTANT EMBALADO PV60/40,45KPA",5.00,PZA,"$3,944.98"
7050-1811-000,PARTE INTERMEDIA CON CASQUILLO PARA VALVULA REGULADORA,5.00,PZA,$158.31
7105JD,EMPAQUE PARA TOMA RECTA,5.00,PZA,$12.70
7161-1731-010,CUERPO DE VALVULA MOBIMELK,5.00,PZA,$163.48
7161-2792-100L,CUBIERTA DE PLASTICO PARA TECLADO METATRON,5.00,PZA,$400.89
7750-0010-282,BOBINA PULSADOR ELECTRONICO 24V,5.00,PZA,"$1,733.25"
7750-0081-575,SELLO CON RESORTE,5.00,PZA,$197.73
7750-0219-774L,TAPA O PARTE SUPERIOR PARA COLECTOR MINI ORBIT,5.00,PZA,$690.34
7751-0040-303,LUXSAN V SELLADOR DE BARRERA 50 LTS,5.00,PZA,"$3,238.26"
7751-0041-10L,LUXSAN X SELLADOR DE BARRERA 10 LTS,5.00,PZA,"$1,208.50"
7751-0042-215A,INTERSEPT ACT/BAS SELLADOR 55/55 GAL,5.00,JGO,"$24,079.34"
WKT00,PESADOR DE LECHE WAIKATO,5.00,PZA,"$3,956.90"
0018-1634-700,SOPORTE ANGULAR DE GOMA 90 B40,4.00,PZA,$601.13
0018-1637-700,CAPERUZA DE GOMA SIN PERFORACION 40 MM,4.00,PZA,$78.86
074JD,PEZONERA NATIONAL TIPO ORDEMEX,4.00,PZA,$61.16
"86,038","COPLE COBRE 1¼""",4.00,PZA,$32.88
4999-1000-541W,"ABRAZADERA DE TUERCA CLAMP SURGE 1½""",4.00,PZA,$380.00
4999-1041-113N,"FILTRO TUFFY 4 7/8"" X 17"" COSIDO",4.00,PZA,$416.00
4999-1110-043N,MAMILA O TORNILLO REPUESTO BIBERON,4.00,PZA,$34.19
4999-1121-001,TAPON DE PEZONERA LINER PLUG GOMA,4.00,PZA,$101.54
7001-2750-170I,ACRILICO CON JUNTA  ORIGINAL MOBIMELK,4.00,PZA,$357.76
7009-2023-050,"CHAPALETA DE LA VALVULA 2""",4.00,PZA,$103.69
7009-4341-060,"EMPALME DE CONEXION PARA LECHE ID 13 ""CODO""",4.00,PZA,$462.05
7021-1073-050,ANGULO SOPORTE SOLDADO 81 X 35 X 3,4.00,PZA,$148.01
7025-2725-000,PEZONERA SILICON IQ PRO D22 MONOPIEZA 25/22/62,4.00,PZA,$492.51
7025-5504-000,TAPADERA IQ SHUTOFF,4.00,PZA,$105.99
7038-2284-020,PRENSAESTOPAS PARA FILTRO DE LECHE,4.00,PZA,$57.89
7038-2310-130,HELICE DE BOMBA DE LECHE 1.1 KW 60HZ,4.00,PZA,"$1,625.83"
7038-9905-070,JGO SERVICIO TRANSPORTE DE LECHE 3000H TRAMPA SANITARIA 10L,4.00,JGO,"$1,275.32"
7038-9905-080,JGO SERVICIO TRANSPORTE DE LECHE 3000H TRAMPA SANITARIA 22L,4.00,JGO,"$1,636.10"
7047-2875-000,CAJA DE FILTRO PARA VACUREX,4.00,PZA,$142.70
7049-9926-160,JGO PALETAS BOMBA VACIO RPS 600-1200 199.7 X 41.5 X 4.95,4.00,JGO,"$3,085.61"
7301-2964-000,"CONECTOR TERMINATOR 120 OHM, CPL",4.00,PZA,$181.91
7750-0010-100,PEZONERA SURGE MONOBLOCK 10100,4.00,PZA,$52.20
7750-0081-576,SELLO SIMPLE,4.00,PZA,$59.33
7750-0113-980,COPA DE LAVADO PARA DISTRIBUIDOR 51MM,4.00,PZA,$67.77
7750-0219-969,O-RING .941 X .801 X .070 (20 PCS),4.00,PZA,$20.09
7751-0040-505L,LUXTEK SELLADOR DE BARRERA 5 LTS,4.00,PZA,$189.62
806-012,"CODO PVC CEM 90° 1¼"" CED 80",4.00,PZA,$25.94
8570JD,"MEMBRANA PARA BOMBA DE LECHE ADAPTABLE SURGE, FLACO",4.00,PZA,$80.76
BIO-MB1MI,MIPRO BULL 150 MIX 25 KG,4.00,PZA,$232.50
BIO-SUSD,SUSAN DESARROLLO 4% 20 KG,4.00,PZA,$527.20
EA40-4,"EMPAQUE CLAMP NEOPRENO 4""",4.00,PZA,$14.73
"EA7-2""","T INOX CLAMP 2""",4.00,PZA,$307.33
META-19,CUERPO DE VALVULA CON PERNO PARA METATRON,4.00,PZA,$153.87
V.MAR 1½,"VALVULA MARIPOSA INOX 1½""",4.00,PZA,"$1,000.44"
0018-3474-700,MANGUITO DE REDUCCION GOMA 40-28,3.00,PZA,$223.08
0026-1064-400,PASADOR CILINDRICO B-D4-H8 X L36 PARA TAPA BOMBA DE LECHE,3.00,PZA,$28.80
"74,074","TAPA PVC HIDRAULICO 3"" CEM",3.00,PZA,$63.20
4999-1070-275,"JUNTA PARA TAPA DE RECIBO 26""",3.00,PZA,$211.38
4999-1070-522,JUNTA TOPE PARA FILTRO LECHE MELTEC,3.00,PZA,$77.38
4999-1110-042N,BOTELLA O BIBERON CON MAMILA 2/4 GAL,3.00,PZA,$101.36
4999-1170-020N,MANDIL HYCAR AMARILLO,3.00,PZA,$233.80
6112JD,TAPA COLECTOR CALIFORNIA,3.00,PZA,$562.02
7009-4625-050,RACOR DE CONEXION O EMPALME DE TUBOS 52-14 MM,3.00,PZA,$108.02
7041-2479-000,JUNTA PARA BASE DE PULSADOR,3.00,PZA,$118.98
7043-9926-040,JGO PALETAS BOMBA VACIO RPS 1500-2100,3.00,JGO,"$4,622.99"
7045-1935-080,VALVULA DE DESAGÜE,3.00,PZA,$337.55
7049-1703-000,MEMBRANA VACUREX 5000 CPL,3.00,PZA,$327.14
7050-1935-000W,VALVULA REGULADORA DE ACEITE (CANCELADO),3.00,PZA,$143.41
7720-0023-193,MANGUITO DE GOMA 40 MM,3.00,PZA,$147.04
7750-0213-680,FILTRO PARA INYECTOR DE AIRE,3.00,PZA,$65.78
7750-0213-905,JGO PALETAS PARA BOMBA ALAMO 1200,3.00,JGO,"$4,590.06"
7750-0219-775,JUNTA MINI ORBIT (50),3.00,PZA,$25.98
7750-9905-030,MANGUERA PERISTALTIC PARA BOMBA COMPASS PLUS,3.00,JGO,"$1,053.96"
7750-9905-038,MANGUERA PERISTALTIC BOMBA COMPASS PLUS P1200 SILICON,3.00,PZA,"$2,059.84"
7750-9905-220L,KIT DE RECAMBIO MENOR COMMANDER 5K (BASICO),3.00,JGO,"$1,184.62"
7751-0040-305,LUXSAN V SELLADOR DE BARRERA 55 GAL,3.00,PZA,"$11,975.03"
817-015,"CODO PVC CEM 45° 1½"" CED 80",3.00,PZA,$58.28
847-012,"TAPON PVC 1¼"" CED 80",3.00,PZA,$39.06
CB400-M,GUANTE NITRILO AZUL MEDIANO,3.00,PZA,$340.00
EA13L-4,"ABRAZADERA CLAMP REFORZADA INOX 4""",3.00,PZA,$152.86
EA14R-1½,"FERRULA INOX EXPANDER 1½""",3.00,PZA,$41.45
EA16-2,"TAPON CLAMP INOX 2""",3.00,PZA,$63.86
EA2C,"CODO INOX 90° 1½"" C/2 FERRULAS CLAMP 38MM NACIONAL",3.00,PZA,$138.56
EA40-3,"EMPAQUE CLAMP NEOPRENO 3""",3.00,PZA,$15.50
EA45H,"VALVULA CHECK INOX HORIZONTAL CLAMP 1½""",3.00,PZA,"$1,328.39"
R12ARC,"RUEDA MOBIMELK 13 NEUMATICA 5/8"" CON BALERO 3/4""",3.00,PZA,$318.96
C80200,"TUBO PVC 2"" CED 80",2.30,MT,$41.52
0003-3656-700,TAPON DE GOMA PARA INTERRUPTOR DE NIVEL 53 X 12 MM,2.00,PZA,$100.12
4,SERVICIO DE EMERGENCIA,2.00,NA,$0.00
0004-1618-009D,SELLO RETEN DESLIZANTE BOMBA DE LECHE 0.37 - 1.1 KW,2.00,PZA,"$1,788.86"
0005-0541-020,FUSIBLE T0.5A 250V D5XL20,2.00,PZA,$2.00
0007-1880-700,JUNTA ANULAR 50 X 6 RACOR CENTRAL ROTATIVA 32 PLAZAS,2.00,PZA,$207.86
0018-1637-700W,CAPERUZA DE GOMA SIN PERFORACION 40 MM,2.00,PZA,$45.67
0018-2425-700,MANGUITO DE GOMA 58-100,2.00,PZA,$7.43
0018-2662-300,"ESTRANGULADOR PARA MANGUERA CPL 14/25 ½""",2.00,PZA,$375.24
0018-4811-730,MANGUITO DE GOMA 69 X 80 X 80,2.00,PZA,$8.95
0018-5885-700,MANGUITO DE REDUCCION 50-40,2.00,PZA,$127.02
0018-6434-870,CODO PVC VERDE 90° 63 MM,2.00,PZA,$128.97
0019-5565-300,TORNILLO DE CABEZA REBAJADA PARA COLECTOR 6 X 110,2.00,PZA,$59.97
"86,149","TAPON HEMBRA DE COBRE 1½"" ",2.00,PZA,$48.94
1SL1201A00,GABINETE MODULAR DE 8 MOD TAPA AHUMADA MISTRAL ABB IP65,2.00,PZA,"$9,059.63"
2X4½X2,"POLEA BOMBA DE VACIO RPS 1200 4½"" 2 RANURAS",2.00,PZA,$920.00
"30,477",RETEN 30X47X7 BOMBA RPS 400,2.00,PZA,$60.00
4018-3220-000W,DISTRIBUIDOR DE LAVADO PARA JETTER  INOX,2.00,PZA,$356.08
429-020,"COPLE PVC 2"" CED 40",2.00,PZA,$17.73
4999-1160-053,CUBETA FOAM COPA APLICADOR DC,2.00,PZA,"$3,956.90"
4999-1160-064,PISTOLA O DISTRIBUIDOR DE EMPUÑADURA,2.00,PZA,"$1,227.74"
4999-1160-066,"NIPLE ½"" X 6 POLY",2.00,PZA,$224.09
4999-1160-069,MANGUERA EN ESPIRAL LANZA ESPUMA (7.5 MTS),2.00,PZA,"$1,749.20"
4999-8964-031,PISTOLA DE ROCIADO PD501-1,2.00,PZA,"$2,347.71"
5189-0800-218,"PAQ DE AIRE M90I27""W/O CAB1X4-1X10",2.00,PZA,"$43,807.61"
5VX670,BANDA PARA BOMBA LOBULAR 30 HP,2.00,PZA,$340.00
6014JD,JUNTA COLECTOR POLISULFONA,2.00,PZA,$23.08
612-040N,"ABRAZADERA PARA TOMA DOMICILIARIA 4"" X ½"" GRIS",2.00,PZA,$87.82
"6,202",BALERO 6202,2.00,PZA,$59.32
"6,204",BALERO 6204,2.00,PZA,$78.89
7009-2363-000,MANGUITO PAREJO DE GOMA 50 MM,2.00,PZA,$311.23
7009-2767-040,SOPORTE PORTATIL O ESTRIBO DE SUSPENSION CPL,2.00,PZA,"$1,005.18"
7009-2864-030,MANGUITO DE REDUCCION PARA INYECTOR 18-12,2.00,PZA,$191.19
7015-2160-100,TAPA COMPLETA PARA TRAMPA DE 22LTS,2.00,PZA,"$1,831.96"
7038-2284-010,"PRENSAESTOPAS PEQUEÑA ANTIESPUMA OD14 ID7,4",2.00,PZA,$16.13
7038-2458-000,BRIDA SOPORTE PARA TAPA BOMBA DE LECHE 0.55 KW,2.00,PZA,$394.25
7038-2809-040,CODO DE ALIMENTACION 50 MM,2.00,PZA,$470.73
7038-2809-080,CODO DE ALIMENTACION 70 MM,2.00,PZA,$534.11
7038-2864-030,MANGUITO DE GOMA PARA RECIBO 70 MM,2.00,PZA,$454.53
7038-9905-000,JGO SERVICIO TRANSPORTE DE LECHE BOMBA DE LECHE 1.1 KW,2.00,PZA,"$2,096.08"
7038-9905-220,JGO SERVICIO TRANSPORTE DE LECHE 1500H RECIBO,2.00,PZA,$415.08
7039-2444-030,FRENTE DE LA CAJA CPL DT 70 PANEL,2.00,PZA,"$1,271.25"
7045-1935-090,"CHAPALETA DE RETENCION, CPL RPS 1.5",2.00,PZA,$763.51
7047-9905-000,JGO DE SERVICIO VACIO VACUREX 1000/2400,2.00,JGO,$822.27
7050-1935-010,VALVULA REGULADORA DE ACEITE (7050-1935-000),2.00,PZA,$547.56
7050-9926-040,JGO PALETAS BOMBA VACIO RPS 1500-2800 4 X 324.7 X 80,2.00,JGO,"$8,335.23"
7051-2950-180,PULSADOR AUTOPULS APEX M,2.00,PZA,"$2,378.25"
7053-2455-010W,PERNO CILINDRICO RETIRADOR,2.00,PZA,$8.22
7059-1799-000,FILTRO DESCARGA UNIDAD HIDRAULICA CR40,2.00,PZA,"$3,956.90"
7161-5979-150,PLACA FRONTAL CON METATRON S 21,2.00,PZA,"$1,120.55"
7750-0022-976,"GOMA DE VALVULA 1½""",2.00,PZA,$300.82
7750-0039-621,SENSOR DE PRESION 4 20MA,2.00,PZA,"$19,325.62"
7750-0102-107,"JUNTA D 13-11 15 X 0.187""",2.00,PZA,$751.46
7750-0113-758,VALVULAS DE PRESION 8LB HOOFBATH,2.00,PZA,$478.04
7750-0119-048,PANEL DE CONTROL DT75 W/BRKT 20M,2.00,PZA,"$7,044.34"
7750-0122-857,PLACA CAJA DE CONEXIONES SOPORTE PP ID,2.00,PZA,"$1,280.96"
7750-0123-166,CAJA CONEXIONES NEDAP VP 1004,2.00,PZA,"$61,938.03"
7750-0213-988,JGO PALETAS PARA BOMBA ALAMO 600,2.00,JGO,"$3,514.01"
7750-0227-652,EMPAQUE F-27651 (10),2.00,PZA,$52.21
806-015,"CODO PVC CEM 90° 1½"" CED 80",2.00,PZA,$33.80
BIO-SUSC,SUSAN CRECIMIENTO 4% 20 KG,2.00,PZA,$516.98
BIO-SUSI,SUSAN INICIO 4% 20 KG,2.00,PZA,$786.80
C80150,"TUBO PVC 1½"" CED 80",2.00,MT,$34.09
EA14R-3,"FERRULA INOX EXPANDER 3""",2.00,PZA,$90.25
SYC9020NA,"YEE CLAMP 90° 2""",2.00,PZA,$481.83
THERA-10,THERATRATE SELLADOR 10 LTS,2.00,PZA,$214.61
V.MAR 4,"VALVULA MARIPOSA INOX 4""",2.00,PZA,"$2,029.43"
VS2HP220V3PH,VARIADOR 2HP 3PH 220V SIEMENS /6SL3210-5BB21-5UV1,2.00,PZA,"$6,481.20"
0004-3044-750,RETEN A 140 X 165 X 12 RACOR CENTRAL ROTATIVA 32 PLAZAS,1.00,PZA,"$1,112.89"
0005-0135-890,BOTON PULSADOR PARA DESCARGA,1.00,PZA,$213.72
0006-3851-300,RESORTE CILINDRICO DE COMPRESION 14.1 X 1.3 X 28,1.00,PZA,$10.23
0007-1972-700W,JUNTA ANULAR TRAMPA SANITARIA 10L,1.00,PZA,$9.88
0007-2833-700,JUNTA ANULAR TRAMPA SANITARIA 22L,1.00,PZA,$348.44
0018-1170-870,MANGUITO PVC VERDE 60 MM,1.00,PZA,$53.35
0018-1174-870,DERIVACION SIMPLE PVC 45° 63 MM,1.00,PZA,$6.20
0018-3149-820,TUBULADURA EN T PARA 8 PAREJA,1.00,PZA,$50.11
0019-2217-300,TORNILLO CILINDRICO PARA INTERRUPTOR,1.00,PZA,$8.98
0026-5565-400,ANILLO ELASTICO 16.2,1.00,PZA,$16.80
"36,028","VALVULA ESFERA PVC 3"" CEMENTAR",1.00,PZA,$393.46
63156,NIPLE GALVANIZADO 2½ X 6,1.00,PZA,$192.36
74019,"ADAPTADOR PVC MACHO 3"" HIDRAULICO",1.00,PZA,$82.21
1084-33,BANDA  A-33,1.00,PZA,$76.24
1084-39,BANDA  A-39,1.00,PZA,$60.29
11X3X15/8,"POLEA FIERRO 11"" INT 3"" CUÑERO 1 5/8""",1.00,PZA,"$2,860.00"
120U8050,COMPRESOR SCROLL MLZ038T2,1.00,PZA,"$10,990.00"
1412JD,CARRO PRINCIPAL,1.00,PZA,$62.72
1601020,"VALVULA ESFERA O BOLA PVC CED 80 2"" CEM ROSCAR",1.00,PZA,$132.76
1X2½X3/4,"POLEA MOTOR GASOLINA 5.5 HP 1 RANURA A 2½"" X 3/4 X 3/16",1.00,PZA,$168.00
1X3½X5/8,POLEA MOTOR ELECTRICO 2 HP 1 RANURA A CUÑERO 3/16 INT 5/8,1.00,PZA,$194.00
2222-2222-300,MOTOR ELECTRICO SIEMENS TRIFASICO 3 HP GP10 230/460,1.00,PZA,$708.33
3300-0520-063,PIÑON DE ENGRANAJE MOTOR No. 1 R1C225D2BC/R245D2B,1.00,PZA,"$1,996.63"
3300-0520-574,ENGRANE PIÑON 62 DIENTES,1.00,PZA,"$1,495.73"
3RT1045,CONTACTOR 80 A 3RT1045 220V S3,1.00,PZA,"$1,819.36"
401-020,"T PVC 2"" CED 40 CEM",1.00,PZA,$36.67
406-020,"CODO PVC CEM 90° 2"" CED 40",1.00,PZA,$29.82
429-030,"COPLE PVC 3"" CED 40",1.00,PZA,$164.64
4999-1010-205,TARJETA DE PULSACION 32 UNIDADES,1.00,PZA,"$6,258.82"
4999-1041-105N,"FILTRO TUFFY 2¼"" X 24""",1.00,PZA,$403.13
4999-1055-121,"FILTRO TUFFY 2¼"" X 12"" ",1.00,CJA,$212.01
4999-1070-000,VALVULA AUTOMATICA DE PURGA CPL D2IN ,1.00,PZA,"$2,536.07"
4999-1080-032,"FILTRO DE AIRE 3""",1.00,PZA,"$13,725.27"
4999-1082-021M,KIT DE RECONSTRUCCION 6800638E TUTHIL,1.00,PZA,"$12,527.99"
4999-1082-231,"VALVULA DE SEGURIDAD 3""",1.00,PZA,"$4,263.09"
4999-1082-296,BOMBA DE VACIO G-D 5MR-DSL,1.00,PZA,"$37,582.19"
4999-1110-044N,ROSCA PARA MAMILA O TORNILLO DE BIBERON,1.00,PZA,$25.00
4999-1110-055N,BOTELLA O BIBERON CON MAMILA PEQUEÑA 2/4 GAL,1.00,PZA,$72.78
4999-1110-057N,ROSCA PARA MAMILA O TORNILLO DE BIBERON,1.00,PZA,$13.42
4999-1143-258,PEZONERA WESTFALIASURGE 10062 WS-JF-062,1.00,PZA,$26.26
4999-1160-055,"BLOQUE DE VALVULAS, CPL",1.00,PZA,$426.66
4999-1160-529N,BOTE REPUESTO APLICADOR,1.00,PZA,$0.00
4999-1170-031,GUANTE NITRILO VERDE CHICO,1.00,PZA,$123.93
4999-1180-030N,VASO AZUL PREORDEÑO MELTEC,1.00,PZA,$101.87
5182-0305-000,MANGUERA ENROLLADA CON ACCESOSRIOS 5/8,1.00,JGO,"$4,414.03"
6203,BALERO 6203,1.00,PZA,$50.63
6212JD,TAPA BIG LIGERA POLISULFONA,1.00,PZA,$622.26
7009-2631-010,ANILLO PERFILADO D152/137X10,1.00,PZA,$153.08
7009-2764-150,JUNTA PARA ACRILICO MOBIMELK (ANTES JUNTA OLLA),1.00,PZA,$433.72
7015-4625-020,"RACOR DE CONEXION O EMPALME DE TUBOS 52 MM, CPL",1.00,PZA,$81.71
7015-6240-130,TRAMPA SANITARIA MOBIMELK,1.00,PZA,"$1,607.60"
7015-9905-200,JGO SERVICIO TECNICO - LAVADO (C) CIRCULACION 3 WAY VALVULAS,1.00,JGO,$503.88
7021-2627-020,TUBO DE CONEXION KU,1.00,PZA,$27.50
7021-2754-050,TAPON GOMA DE CIERRE PARA RECIBO D60 50/50 RO2,1.00,PZA,$116.70
7021-2764-000W,JUNTA ANULAR PARA COLECTOR 200,1.00,PZA,$10.71
7021-2764-010W,JUNTA ANULAR EXTERIOR PARA COLECTOR CLASSIC 300,1.00,PZA,$44.45
7021-7102-110,MANGUERA DE LECHE DE GOMA 10 X 5.5 X 1500,1.00,PZA,$0.00
7021-7103-008,MANGUERA DE VACIO SIMPLE DE GOMA 12 X 5.5,1.00,MT,$174.05
7025-2758-000,PIEZA DE FIJACION CPL HB,1.00,PZA,$788.95
7038-2631-020,JUNTA ANULAR PARA RECIBO 50 MM,1.00,PZA,$68.91
7038-2680-190,CUADRO DE MANDO ELECTRONICO BOMBA DE LECHE 230V,1.00,PZA,"$7,328.10"
7038-2793-020,PLATO DEFLECTOR CPL,1.00,PZA,$414.19
7038-2816-020,ELEMENTO INTERIOR EN CRUZ PARA RECIBO,1.00,PZA,$70.36
7038-2870-230W,FILTRO PVC A PRESION 455/30 CPL,1.00,PZA,$361.87
7038-9901-850,JGO DE ACCESORIOS RECIBO DE LECHE 70 LTS,1.00,JGO,"$2,705.65"
7039-2780-050,"VALVULA DE MANDO DM-DT 2X APEX, CPL",1.00,PZA,"$2,363.08"
7039-9047-079,TARJETA ELECTRONICA DM 55 CONTROL BOARD,1.00,PZA,"$23,994.95"
7041-2318-000W,ZOCALO PEQUEÑO PARA PULSADOR,1.00,PZA,$6.33
7041-2711-050W,CORREDERA DE GUIA,1.00,PZA,$9.00
7041-2718-050,TAPA PROTECTORA DE PULSADOR,1.00,PZA,$291.99
7043-1150-090,GRUPO BOMBA VACIO SIN MOTOR RPS 2100 60 HZ CPL,1.00,PZA,"$61,702.30"
7045-2045-000,TUBULADURA DE MANGAS OD9/M10 MOBIMELK,1.00,PZA,$119.08
7047-1009-040,DEPOSITO DE ACEITE MOBIMELK,1.00,PZA,$108.30
7047-1090-040,CAPERUZA DE GOMA VACUREX,1.00,PZA,$166.40
7049-3200-080,DEPOSITO DE ACEITE 2 VALVULAS,1.00,PZA,"$2,732.44"
7050-1150-130H,GRUPO BOMBA VACIO RPS 2800 CON ACCESORIOS,1.00,PZA,"$30,525.86"
7050-2088-000,MIRILLA DE LUBRICACION REGULADORA,1.00,PZA,$162.67
7051-2680-360,CUADRO DE MANDO ELECTRONICO APEX,1.00,PZA,"$3,956.90"
7051-9905-000,JGO PIEZAS DE DESGASTE STIMOPULS APEX COMPLETO,1.00,JGO,$719.25
7053-1457-080W,TAPA PARA CILINDRO RETIRADOR HORIZONTAL,1.00,PZA,$17.54
7059-2491-000,JUNTA PLANA GEARBOX,1.00,PZA,$434.39
7161-2457-070,TAPA METATRON PPSU,1.00,PZA,$755.90
7161-6776-030,CAMARA DE MEDICION METATRON,1.00,PZA,"$3,956.90"
7301-5991-020,"ALIMENTADOR DE TENSION CON ACCESORIOS DPNET B, 24V DC 10A UL",1.00,PZA,"$12,927.09"
7750-0013-850,REGULADOR VACIO COMMANDER 1.5K,1.00,PZA,"$2,408.97"
7750-0013-855,REGULADOR VACIO COMMANDER 5K,1.00,PZA,"$6,098.02"
7750-0013-971W,RETEN SEAL LUBRICANT 1.875 X O.250,1.00,PZA,$89.21
7750-0032-316,CASQUILLO,1.00,PZA,$159.78
7750-0111-862,TARJETA ELECTRONICA P600/1200 DISPENSADOR KTM550,1.00,PZA,"$7,153.21"
7750-0116-601,"BOMBA DE VACIO, COMPLETA BELT ASM 10HP 230V 3PH",1.00,PZA,"$106,184.72"
7750-0122-090,RUEDA DE ACCIONAMIENTO FAIRFIELD,1.00,PZA,"$22,676.81"
7750-0219-638W,TORNILLO PARA MINI ORBIT (10),1.00,PZA,$4.51
7750-0219-773W,TUERCA HEXAGONAL MINI-ORBIT (10),1.00,PZA,$17.36
7750-9905-010,"KIT PARA SERVICIO TECNICO- LAVADO COMPASS PLUS 2, P600",1.00,JGO,"$1,210.31"
7751-0040-05L,LUXSAN V SELLADOR DE BARRERA 5 LTS,1.00,PZA,$323.83
7751-0041-05L,LUXSAN X SELLADOR DE BARRERA 5 LTS,1.00,PZA,$436.38
8411506TASA0,ANTICIPO APLICABLE A FACTURAS TASA 0%,1.00,,$0.00
8510JD,MANGUITO DE REDUCCION 40-30 MM,1.00,PZA,$36.96
9X3X11/8,"POLEA FIERRO 9"" INT 3"" CUÑERO 1 1/8""",1.00,PZA,"$2,374.00"
ACE-HIDRA,ACEITE PARA BOMBA HIDRAULICA,1.00,LT,$64.58
ACS540,VARIADOR DE FRECUENCIA 10 HP 240 V MCA ABB C/PANEL,1.00,PZA,"$44,141.27"
BIO-MNU3,MIPRO NU 350 SACO DE 25 KG,1.00,PZA,$487.50
BIO-PRCA,PREMIX CABALLOS 1% 25 KG,1.00,PZA,$543.75
C-114,"SELLO MECANICO CORTO 3/4""",1.00,PZA,$105.00
C-216,"SELLO MECANICO 1 1/8"" TIPO PURITY",1.00,PZA,$606.25
C90-2 ½,"CODO INOX 45° 2"" CLAMP",1.00,PZA,$203.56
DESC140LT,DESCREMADORA 140 LTS,1.00,PZA,"$12,931.04"
DSA-VENTURI,DOSATRON VENTURI PUM,1.00,PZA,"$3,200.00"
EA7,"T INOX CON 2 FERRULAS 1½"" 38MM",1.00,PZA,$335.36
MH-GX-160-H1-QX1,"MOTOR GASOLINA HONDA 5.5HP, CUÑERO",1.00,PZA,"$5,086.21"
PL80-00,PULSADOR L80,1.00,PZA,$698.28
RECIB50,"RECIBIDOR DE LECHE 50 LTS D40/50/52 MM, CP INOX",1.00,PZA,"$7,935.00"
RGL4PSHPK,RUEDA GIRATORIA 4 X 1¼ PARA MOBIMELK,1.00,PZA,$182.00
SIEM-2,MOTOR ELECTRICO MONOFASICO 2 HP,1.00,PZA,"$3,716.24"
SRC15IM,"RETORNO CLAMP 1½""",1.00,PZA,$667.60
,,,,
